{"cameraMode":{"drawMode":0,"name":"Shaded","section":"Shading Mode"},"sceneLighting":false,"audioPlay":false,"sceneViewState":{"m_AlwaysRefresh":false,"showFog":true,"showSkybox":false,"showFlares":true,"showImageEffects":true,"showParticleSystems":true,"showVisualEffectGraphs":true,"m_FxEnabled":true},"in2DMode":false,"pivot":{"x":1.4183602333068848,"y":0.34598642587661745,"z":15.2792387008667},"rotation":{"x":0.07088678330183029,"y":0.3231324851512909,"z":-0.024280553683638574,"w":0.9433830976486206},"size":2.673480749130249,"orthographic":false}