{"cameraMode":{"drawMode":0,"name":"Shaded","section":"Shading Mode"},"sceneLighting":true,"audioPlay":false,"sceneViewState":{"m_AlwaysRefresh":false,"showFog":true,"showSkybox":true,"showFlares":true,"showImageEffects":true,"showParticleSystems":true,"showVisualEffectGraphs":true,"m_FxEnabled":true},"in2DMode":false,"pivot":{"x":5.340134620666504,"y":14.861412048339844,"z":12.75826644897461},"rotation":{"x":0.047377996146678928,"y":0.008990338072180748,"z":-0.0004244462470524013,"w":0.9988462328910828},"size":29.203998565673829,"orthographic":false}