{"cameraMode":{"drawMode":0,"name":"Shaded","section":"Shading Mode"},"sceneLighting":false,"audioPlay":false,"sceneViewState":{"m_AlwaysRefresh":false,"showFog":true,"showSkybox":false,"showFlares":true,"showImageEffects":true,"showParticleSystems":true,"showVisualEffectGraphs":true,"m_FxEnabled":true},"in2DMode":false,"pivot":{"x":10.833656311035157,"y":2.114903450012207,"z":13.526531219482422},"rotation":{"x":-0.05136500671505928,"y":-0.7927966713905335,"z":0.06746796518564224,"w":-0.6035684943199158},"size":2.8945939540863039,"orthographic":false}