{"cameraMode":{"drawMode":0,"name":"Shaded","section":"Shading Mode"},"sceneLighting":false,"audioPlay":false,"sceneViewState":{"m_AlwaysRefresh":false,"showFog":true,"showSkybox":false,"showFlares":true,"showImageEffects":true,"showParticleSystems":true,"showVisualEffectGraphs":true,"m_FxEnabled":true},"in2DMode":false,"pivot":{"x":74.06026458740235,"y":-2.821286678314209,"z":37.81557083129883},"rotation":{"x":0.02893332578241825,"y":0.44953256845474245,"z":-0.014563567005097866,"w":0.8926878571510315},"size":43.605342864990237,"orthographic":false}